peninsular_rank,state,district,code_state_district,population,pop_cagr,youth_share,household_total,housing_total,household_size_avg,area_km2,income_year,income_mean,income_median,expenditure_mean,gini,poverty,pop_density,demand_index,n_7-Eleven,n_99 Speedmart,n_FamilyMart,n_KKmart,n_myNEWS,kkmart_count,total_stores,competitor_count,stores_per_100k,kkmart_per_100k,kkmart_share,saturation_ratio,saturation_level,supply_index,whitespace_score,category,region,saturation_vs_peninsular,headroom_to_par,kkmart_fair_gap
1,Selangor,Petaling,10_5,2370600.0,0.0062314135929402,0.4103602463511347,617686.0,679812.0,3.8,487,2024,14422,10688,8210,0.387,1.0,4867.76180698152,0.7882,270,279,64,190,126,190,929,739,39.19,8.01,0.205,1.75,saturated,0.6502,0.138,saturated,Central/East Coast,1.521,-318,0
2,Pulau Pinang,Timur Laut,7_4,565900.0,0.00331960473565,0.4196854567944866,177231.0,205559.0,3.1,126,2024,9993,7745,6416,0.398,0.4,4491.269841269841,0.3873,42,17,10,11,11,11,91,80,16.08,1.94,0.121,0.718,balanced,0.2668,0.1205,competitive,North,0.624,55,2
3,Kelantan,Kecil Lojing,3_11,11700.0,0.0199432292376982,0.4871794871794872,2123.0,2604.0,5.0,1817,2024,3511,3385,2953,0.218,20.0,6.439185470555861,0.1075,0,0,0,0,0,0,0,0,0.0,0.0,0.0,0.0,underserved,0.0,0.1075,low_demand,Central/East Coast,0.0,3,0
4,Kelantan,Kota Bharu,3_2,590100.0,0.0120487071995907,0.4417895271987798,115485.0,133413.0,4.5,403,2024,6180,4729,4329,0.361,9.9,1464.2679900744415,0.2632,55,0,4,0,0,0,59,59,10.0,0.0,0.0,0.446,underserved,0.1659,0.0973,open_whitespace,Central/East Coast,0.388,93,9
5,Kelantan,Pasir Mas,3_4,242700.0,0.0104561239518714,0.4029666254635352,45128.0,54924.0,5.1,570,2024,4975,3591,3581,0.365,8.6,425.7894736842105,0.1376,7,0,0,0,0,0,7,7,2.88,0.0,0.0,0.129,underserved,0.0478,0.0898,open_whitespace,Central/East Coast,0.112,56,1
6,Kelantan,Bachok,3_1,167600.0,0.0127658724447923,0.4397374701670645,31355.0,37058.0,4.9,279,2024,5149,4187,3579,0.349,11.3,600.7168458781362,0.144,6,0,0,0,0,0,6,6,3.58,0.0,0.0,0.16,underserved,0.0594,0.0846,open_whitespace,Central/East Coast,0.139,37,1
7,W.P. Kuala Lumpur,W.P. Kuala Lumpur,14_1,2074100.0,0.0091153815236084,0.4221590087266766,573529.0,634639.0,3.3,243,2022,13325,10234,7823,0.38,1.4,8535.390946502057,0.8184,269,192,57,245,171,245,934,689,45.03,11.81,0.262,2.01,saturated,0.7471,0.0713,saturated,Central/East Coast,1.747,-399,0
8,Kelantan,Tumpat,3_7,191200.0,0.0122582964370527,0.3896443514644351,34817.0,42113.0,5.2,180,2024,4991,3904,4181,0.334,12.7,1062.2222222222222,0.158,10,0,0,0,0,0,10,10,5.23,0.0,0.0,0.234,underserved,0.0868,0.0712,open_whitespace,Central/East Coast,0.203,39,1
9,Terengganu,Marang,11_5,128800.0,0.0201016793353314,0.404503105590062,27759.0,33335.0,4.2,667,2024,6807,6246,5141,0.281,7.3,193.1034482758621,0.1689,7,0,1,0,0,0,8,8,6.21,0.0,0.0,0.277,underserved,0.103,0.0659,open_whitespace,Central/East Coast,0.241,25,1
10,Kelantan,Tanah Merah,3_6,159900.0,0.0117877673891928,0.4183864915572233,30134.0,34696.0,5.0,880,2024,4922,3638,3632,0.363,14.9,181.70454545454547,0.1257,6,0,0,0,0,0,6,6,3.75,0.0,0.0,0.167,underserved,0.0622,0.0635,low_demand,Central/East Coast,0.146,35,1
11,Johor,Johor Bahru,1_2,1814400.0,0.0117808450643399,0.4200837742504409,460669.0,610314.0,3.6,1066,2024,10975,8977,6764,0.35,1.9,1702.063789868668,0.5713,195,199,41,87,34,87,556,469,30.64,4.79,0.156,1.368,saturated,0.5084,0.0629,saturated,South,1.189,-88,0
12,Kelantan,Machang,3_3,117700.0,0.0136236979105059,0.417162276975361,21963.0,25946.0,4.9,526,2024,5237,4156,3411,0.331,7.3,223.76425855513307,0.1136,4,0,0,0,0,0,4,4,3.4,0.0,0.0,0.152,underserved,0.0564,0.0572,low_demand,Central/East Coast,0.132,26,1
13,Selangor,Klang,10_2,1183000.0,0.0167152772790546,0.4191885038038884,263449.0,301407.0,4.1,632,2024,10912,8837,6927,0.299,1.0,1871.8354430379748,0.4588,72,151,17,40,11,40,291,251,24.6,3.38,0.137,1.098,balanced,0.4082,0.0506,competitive,Central/East Coast,0.955,14,2
14,Terengganu,Hulu Terengganu,11_6,74800.0,0.0136426705423657,0.3983957219251337,16907.0,20949.0,4.0,3875,2024,6360,6134,4554,0.255,6.6,19.30322580645161,0.1292,4,0,0,0,0,0,4,4,5.35,0.0,0.0,0.239,underserved,0.0888,0.0404,low_demand,Central/East Coast,0.208,15,1
15,Terengganu,Kuala Nerus,11_8,157500.0,0.0158365543381415,0.4482539682539682,35392.0,38903.0,4.1,398,2024,8385,7304,5498,0.282,1.6,395.7286432160804,0.2021,16,0,0,0,0,0,16,16,10.16,0.0,0.0,0.454,underserved,0.1686,0.0335,open_whitespace,Central/East Coast,0.394,25,2
16,Kedah,Sik,2_9,70500.0,0.007543646058975,0.4170212765957446,17421.0,19135.0,3.8,1635,2024,5107,4438,3675,0.325,8.7,43.11926605504587,0.104,1,2,0,0,0,0,3,3,4.26,0.0,0.0,0.19,underserved,0.0707,0.0333,low_demand,North,0.165,15,0
17,Selangor,Gombak,10_1,985400.0,0.0089635011658326,0.4128272782626345,222549.0,253148.0,4.2,653,2024,14168,10777,7326,0.366,2.1,1509.0352220520674,0.4169,60,93,15,47,15,47,230,183,23.34,4.77,0.204,1.042,balanced,0.3873,0.0296,competitive,Central/East Coast,0.906,24,0
18,Kelantan,Jeli,3_10,58200.0,0.0124815818441481,0.4793814432989691,11620.0,11451.0,4.6,1326,2024,3829,3008,3062,0.315,10.1,43.89140271493213,0.1104,3,0,0,0,0,0,3,3,5.15,0.0,0.0,0.23,underserved,0.0854,0.025,low_demand,Central/East Coast,0.2,12,0
19,Kelantan,Pasir Puteh,3_5,144700.0,0.0121812422722487,0.4049758120248791,26440.0,33404.0,5.1,423,2024,5070,4853,3749,0.302,11.1,342.080378250591,0.1255,8,0,1,0,0,0,9,9,6.22,0.0,0.0,0.278,underserved,0.1032,0.0223,low_demand,Central/East Coast,0.241,28,1
20,Kedah,Padang Terap,2_8,67900.0,0.0066091665990331,0.4167893961708394,15968.0,19028.0,4.1,1359,2024,5062,3954,3872,0.292,8.0,49.96320824135394,0.1085,1,2,1,0,0,0,4,4,5.89,0.0,0.0,0.263,underserved,0.0977,0.0108,low_demand,North,0.229,13,1
21,Terengganu,Dungun,11_2,169900.0,0.0145005849697552,0.4367274867569158,39597.0,42294.0,4.1,2735,2024,8055,7156,5833,0.308,4.4,62.12065813528336,0.2014,15,4,1,0,0,0,20,20,11.77,0.0,0.0,0.526,balanced,0.1953,0.0061,competitor_led,Central/East Coast,0.457,24,3
22,Terengganu,Kemaman,11_3,235000.0,0.017381464784284,0.4114893617021276,52932.0,57733.0,4.0,2536,2024,8973,7709,5644,0.319,3.5,92.66561514195584,0.2016,19,9,1,0,0,0,29,29,12.34,0.0,0.0,0.551,balanced,0.2047,-0.0031,competitor_led,Central/East Coast,0.479,32,4
23,Selangor,Ulu Langat,10_8,1516600.0,0.0160558664554557,0.4146116312804958,387547.0,431574.0,3.6,833,2024,13822,11404,6758,0.219,0.1,1820.6482593037213,0.5198,124,186,26,119,27,119,482,363,31.78,7.85,0.247,1.419,saturated,0.5273,-0.0075,saturated,Central/East Coast,1.233,-91,0
24,Kelantan,Gua Musang,3_8,111300.0,0.0178041001524231,0.4303683737646002,20324.0,25763.0,5.0,6362,2024,4684,3871,3726,0.302,16.3,17.49449858535052,0.1258,7,1,1,0,0,0,9,9,8.09,0.0,0.0,0.361,underserved,0.1342,-0.0084,low_demand,Central/East Coast,0.314,20,1
25,Terengganu,Besut,11_1,167500.0,0.0166842308289534,0.4113432835820896,36345.0,41340.0,4.2,1234,2024,6747,5820,4339,0.311,13.1,135.73743922204213,0.1499,16,0,0,0,0,0,16,16,9.55,0.0,0.0,0.426,underserved,0.1585,-0.0086,open_whitespace,Central/East Coast,0.371,27,2
26,Perlis,Perlis,9_1,297800.0,0.0088961130356217,0.4459368703828072,80850.0,73104.0,3.5,819,2022,5664,4713,3834,0.336,4.0,363.6141636141636,0.1722,18,14,2,0,0,0,34,34,11.42,0.0,0.0,0.51,balanced,0.1895,-0.0173,competitor_led,North,0.443,43,5
27,W.P. Putrajaya,W.P. Putrajaya,16_1,120800.0,0.020396262437218,0.3385761589403973,29699.0,38056.0,3.7,49,2022,13473,10056,8897,0.368,0.1,2465.30612244898,0.3103,11,6,4,3,0,3,24,21,19.87,2.48,0.125,0.887,balanced,0.3297,-0.0194,competitive,Central/East Coast,0.771,7,0
28,Terengganu,Setiu,11_7,64900.00000000001,0.0168433977154083,0.4206471494607087,13763.0,15555.0,4.4,1304,2024,6359,6125,4314,0.214,4.7,49.76993865030676,0.1318,6,0,0,0,0,0,6,6,9.24,0.0,0.0,0.413,underserved,0.1533,-0.0215,open_whitespace,Central/East Coast,0.359,11,1
29,Kedah,Pendang,2_11,102000.0,0.0061918053957163,0.4127450980392157,24077.0,29614.0,4.1,629,2024,5464,4592,3914,0.347,7.3,162.16216216216216,0.1169,4,4,1,0,0,0,9,9,8.82,0.0,0.0,0.394,underserved,0.1463,-0.0294,low_demand,North,0.342,17,1
30,Terengganu,Kuala Terengganu,11_4,248400.0,0.0156879812580845,0.4082125603864734,59678.0,64340.0,3.8,210,2024,7279,6615,5264,0.267,4.2,1182.857142857143,0.216,33,0,5,0,0,0,38,38,15.3,0.0,0.0,0.683,balanced,0.2539,-0.0379,competitor_led,Central/East Coast,0.594,26,6
31,Pahang,Pekan,6_6,129300.0,0.0130227088396117,0.4640371229698375,32130.0,33125.0,3.5,3805,2024,5098,4344,3799,0.277,10.9,33.98160315374508,0.141,5,5,3,1,0,1,14,13,10.83,0.77,0.071,0.484,underserved,0.1797,-0.0387,room_to_expand,Central/East Coast,0.42,19,1
32,Kedah,Baling,2_1,149000.0,0.0088192217821398,0.4147651006711409,37438.0,41987.0,3.8,1529,2024,4345,3367,3041,0.324,14.7,97.4493132766514,0.1014,4,8,1,0,0,0,13,13,8.72,0.0,0.0,0.389,underserved,0.1447,-0.0433,low_demand,North,0.338,25,2
33,Pahang,Lipis,6_5,103300.0,0.0135020676145807,0.4453049370764763,21013.0,23255.0,4.5,5198,2024,5276,4611,4278,0.237,9.2,19.87302808772605,0.143,4,7,1,0,0,0,12,12,11.62,0.0,0.0,0.519,balanced,0.1928,-0.0498,competitor_led,Central/East Coast,0.451,15,2
34,Pahang,Maran,6_10,119900.0,0.0131829793074416,0.4253544620517097,25147.0,29766.0,4.3,1917,2024,5088,4470,3764,0.257,7.9,62.54564423578508,0.124,5,7,1,0,0,0,13,13,10.84,0.0,0.0,0.484,underserved,0.1799,-0.0559,low_demand,Central/East Coast,0.421,18,2
35,Kelantan,Kuala Krai,3_9,112400.0,0.0137139020320653,0.4119217081850533,23862.0,28982.0,4.4,2275,2024,3872,2994,2863,0.342,20.2,49.40659340659341,0.0907,9,0,1,0,0,0,10,10,8.9,0.0,0.0,0.397,underserved,0.1477,-0.057,low_demand,Central/East Coast,0.345,19,1
36,Kedah,Langkawi,2_7,100500.0,0.0132469092429248,0.4169154228855721,25983.0,33025.0,3.6,526,2024,6278,5083,4356,0.335,6.0,191.06463878327,0.139,12,0,0,0,0,0,12,12,11.94,0.0,0.0,0.533,balanced,0.1981,-0.0591,competitor_led,North,0.463,14,2
37,Kedah,Bandar Baharu,2_2,45600.0,0.0053478986466832,0.4210526315789473,11112.0,12664.0,3.9,271,2024,4835,4310,3006,0.339,5.8,168.26568265682656,0.0815,1,3,0,0,0,0,4,4,8.77,0.0,0.0,0.392,underserved,0.1455,-0.064,low_demand,North,0.34,8,1
38,Kedah,Kulim,2_6,354000.0,0.0094723788201653,0.4293785310734463,80772.0,93407.0,4.1,774,2024,6395,5236,4054,0.349,8.5,457.3643410852713,0.1837,11,38,4,0,0,0,53,53,14.97,0.0,0.0,0.668,balanced,0.2484,-0.0647,competitor_led,North,0.581,38,8
39,Johor,Kota Tinggi,1_4,234700.0,0.0108242711804946,0.4388581167447806,57786.0,70315.0,3.7,3489,2024,8106,6284,4949,0.379,4.2,67.26855832616796,0.1849,13,14,3,5,1,5,36,31,15.34,2.13,0.139,0.685,balanced,0.2545,-0.0696,competitive,South,0.595,24,0
40,Kedah,Pokok Sena,2_12,51200.0,0.0055603110676414,0.4218749999999999,12091.0,15249.0,3.7,244,2024,5736,5163,4257,0.27,7.2,209.8360655737705,0.1217,2,3,1,0,0,0,6,6,11.72,0.0,0.0,0.523,balanced,0.1945,-0.0728,low_demand,North,0.455,7,1
41,Pulau Pinang,Seberang Perai Tengah,7_1,445200.0,0.0102827963736287,0.4386792452830189,106330.0,78402.0,3.9,238,2024,8413,6892,5419,0.346,2.8,1870.5882352941176,0.2798,28,48,10,7,2,7,95,88,21.34,1.57,0.074,0.953,balanced,0.3541,-0.0743,competitive,North,0.828,20,7
42,Pulau Pinang,Barat Daya,7_5,249700.0,0.0098988371346933,0.421305566680016,70167.0,89816.0,3.3,175,2024,10231,8919,6222,0.368,0.4,1426.857142857143,0.252,25,10,7,4,4,4,50,46,20.02,1.6,0.08,0.894,balanced,0.3322,-0.0802,competitive,North,0.777,14,3
43,Pulau Pinang,Seberang Perai Utara,7_2,353100.0,0.0081240733956526,0.4199943358821864,86971.0,117475.0,3.8,268,2024,8101,6810,5232,0.343,3.9,1317.5373134328358,0.2356,21,41,5,1,1,1,69,68,19.54,0.28,0.014,0.872,balanced,0.3242,-0.0886,competitive,North,0.758,22,9
44,Johor,Batu Pahat,1_1,511800.0,0.0065755816560313,0.4435326299335678,116252.0,129486.0,4.0,1966,2024,9006,7555,5153,0.316,2.4,260.3255340793489,0.2439,30,55,6,9,3,9,103,94,20.13,1.76,0.087,0.899,balanced,0.334,-0.0901,competitive,South,0.781,29,6
45,Kedah,Kuala Muda,2_4,574700.0,0.0106689862080227,0.4320515051331129,131802.0,166581.0,3.9,913,2024,5729,4953,3869,0.333,11.8,629.4633077765608,0.2253,39,59,8,2,4,2,112,110,19.49,0.35,0.018,0.87,balanced,0.3234,-0.0981,competitive,North,0.756,36,14
46,Perak,Selama,8_13,35000.0,0.0034642862388707,0.3971428571428571,9489.0,11580.0,3.6,774,2024,5019,3827,3779,0.337,10.4,45.21963824289406,0.0895,1,2,1,0,0,0,4,4,11.43,0.0,0.0,0.51,balanced,0.1896,-0.1001,low_demand,North,0.444,5,1
47,Pahang,Raub,6_7,99900.0,0.0077862301913986,0.4424424424424424,22918.0,25294.0,4.1,2269,2024,5940,4427,4675,0.335,3.4,44.02820625826355,0.149,6,6,2,1,0,1,15,14,15.02,1.0,0.067,0.671,balanced,0.2492,-0.1002,competitive,Central/East Coast,0.583,11,1
48,Pahang,Rompin,6_9,104000.0,0.0117491923609425,0.4173076923076922,27110.0,33471.0,3.6,5247,2024,5429,4760,3966,0.279,8.2,19.820850009529256,0.1227,6,8,0,0,0,0,14,14,13.46,0.0,0.0,0.601,balanced,0.2233,-0.1006,low_demand,Central/East Coast,0.522,13,2
49,Perak,Kerian,8_4,169800.0,0.0040535425674459,0.4069493521790341,40251.0,49899.0,4.1,938,2024,5590,4554,3807,0.305,7.3,181.0234541577825,0.1227,7,15,1,1,0,1,24,23,14.13,0.59,0.042,0.631,balanced,0.2344,-0.1117,low_demand,North,0.548,20,2
50,Negeri Sembilan,Jelebu,5_1,48600.0,0.0106180922314778,0.3744855967078189,11129.0,13349.0,4.1,1354,2024,4664,3713,3811,0.313,6.4,35.89364844903988,0.0907,3,3,0,0,0,0,6,6,12.35,0.0,0.0,0.551,balanced,0.2049,-0.1142,low_demand,Central/East Coast,0.479,7,1
51,Kedah,Kubang Pasu,2_5,254200.0,0.0134276265118782,0.4142407553107789,58695.0,72463.0,3.9,946,2024,6313,5312,4478,0.317,4.0,268.7103594080338,0.1718,12,28,3,0,1,0,44,44,17.31,0.0,0.0,0.773,balanced,0.2872,-0.1154,competitor_led,North,0.672,22,6
52,Johor,Kulai,1_9,353000.0,0.0138736993916175,0.4609065155807365,77199.0,83756.0,3.7,756,2024,10296,8406,6254,0.319,0.1,466.9312169312169,0.2652,26,40,3,11,1,11,81,70,22.95,3.12,0.136,1.025,balanced,0.3808,-0.1156,competitive,South,0.891,10,1
53,Johor,Muar,1_6,323900.0,0.0057157347607113,0.4501389317690646,69603.0,79980.0,4.2,1393,2024,8401,7334,5541,0.306,2.1,232.5197415649677,0.2212,24,31,4,5,2,5,66,61,20.38,1.54,0.076,0.91,balanced,0.3381,-0.1169,competitive,South,0.791,17,5
54,Perak,Perak Tengah,8_9,99200.0,0.0095413387365459,0.4657258064516129,28763.0,35318.0,3.5,1282,2024,6027,4685,3956,0.354,10.2,77.37909516380655,0.1392,5,7,1,2,1,2,16,14,16.13,2.02,0.125,0.72,balanced,0.2676,-0.1284,competitive,North,0.626,10,0
55,Kedah,Yan,2_10,75100.0,0.0045898257601995,0.4167776298268975,16927.0,17983.0,4.3,246,2024,5272,4695,3859,0.293,7.4,305.2845528455285,0.1135,3,6,2,0,0,0,11,11,14.65,0.0,0.0,0.654,balanced,0.2431,-0.1296,low_demand,North,0.568,8,2
56,Pahang,Bera,6_11,101300.0,0.0064404600785319,0.4284304047384007,23378.0,25667.0,4.2,2214,2024,4997,4269,3548,0.361,9.0,45.754290876242095,0.109,6,9,0,0,0,0,15,15,14.81,0.0,0.0,0.661,balanced,0.2457,-0.1367,low_demand,Central/East Coast,0.575,11,2
57,Johor,Kluang,1_3,335200.0,0.0069442658410172,0.4552505966587113,81993.0,94101.0,3.7,2865,2024,6616,6158,4748,0.292,5.7,116.99825479930192,0.2013,30,29,3,5,2,5,69,64,20.58,1.49,0.072,0.919,balanced,0.3415,-0.1402,competitive,South,0.799,17,5
58,Kedah,Kota Setar,2_3,383400.0,0.0049232172554305,0.4149713093375065,95942.0,109919.0,3.8,420,2024,6034,5208,4495,0.328,5.5,912.8571428571428,0.205,36,40,5,0,4,0,85,85,22.17,0.0,0.0,0.99,balanced,0.3678,-0.1628,competitor_led,North,0.86,14,12
59,Selangor,Sabak Bernam,10_6,110500.0,0.0062700838940494,0.4018099547511312,28398.0,33750.0,3.7,1004,2024,8033,6941,5621,0.268,2.7,110.0597609561753,0.1651,5,13,2,1,1,1,22,21,19.91,0.9,0.045,0.889,balanced,0.3303,-0.1652,competitive,Central/East Coast,0.773,6,2
60,Johor,Pontian,1_7,177900.0,0.0052532296671603,0.4367622259696458,42519.0,46692.0,4.0,933,2024,7011,5685,4856,0.341,2.0,190.67524115755623,0.1682,12,17,3,4,0,4,36,32,20.24,2.25,0.111,0.904,balanced,0.3358,-0.1676,competitive,South,0.785,10,1
61,Perak,Hulu Perak,8_8,98500.0,0.0070502525566777,0.4192893401015228,24679.0,30325.0,3.8,6613,2024,4980,3701,3270,0.331,13.3,14.894903977014971,0.0968,6,10,0,0,0,0,16,16,16.24,0.0,0.0,0.725,balanced,0.2695,-0.1727,low_demand,North,0.63,9,2
62,Johor,Tangkak,1_10,169200.0,0.0070004422874057,0.4462174940898345,38178.0,43438.0,4.1,977,2024,7524,6374,4673,0.306,4.0,173.18321392016378,0.1654,8,21,2,4,0,4,35,31,20.69,2.36,0.114,0.924,balanced,0.3433,-0.1779,competitive,South,0.803,9,1
63,Negeri Sembilan,Kuala Pilah,5_2,72500.0,0.0061819826749436,0.4344827586206896,18715.0,24008.0,3.5,1027,2024,4888,3996,3809,0.324,6.2,70.59396299902629,0.1144,2,10,1,0,0,0,13,13,17.93,0.0,0.0,0.801,balanced,0.2975,-0.1831,low_demand,Central/East Coast,0.696,6,2
64,Pahang,Jerantut,6_3,100300.0,0.0088020125897221,0.419740777666999,22278.0,26579.0,4.3,7561,2024,5220,4231,3732,0.319,8.8,13.265441079222326,0.1124,6,11,1,0,0,0,18,18,17.95,0.0,0.0,0.801,balanced,0.2978,-0.1854,low_demand,Central/East Coast,0.697,8,3
65,Melaka,Alor Gajah,4_1,261800.0,0.0097518060249024,0.487012987012987,67558.0,71937.0,3.6,674,2024,7855,6308,5745,0.327,4.5,388.4272997032641,0.2388,16,34,6,8,4,8,68,60,25.97,3.06,0.118,1.16,balanced,0.4309,-0.1921,competitive,South,1.008,-1,2
66,Selangor,Ulu Selangor,10_9,259800.0,0.0134599120732463,0.4087759815242494,60666.0,89865.0,4.0,1749,2024,9499,8485,5425,0.299,0.4,148.5420240137221,0.1966,13,37,4,7,0,7,61,54,23.48,2.69,0.115,1.048,balanced,0.3896,-0.193,competitive,Central/East Coast,0.911,6,2
67,Perak,Kinta,8_3,927400.0,0.0085387960411342,0.392279491050248,244648.0,285237.0,3.5,1305,2024,6758,5136,4648,0.391,3.8,710.6513409961685,0.3046,88,129,16,33,14,33,280,247,30.19,3.56,0.118,1.348,saturated,0.5009,-0.1963,saturated,North,1.171,-41,8
68,Perak,Kuala Kangsar,8_5,179600.0,0.0039437844047249,0.4181514476614699,49186.0,55199.0,3.6,2562,2024,5489,3977,4005,0.357,11.3,70.10148321623731,0.133,8,23,2,3,0,3,36,33,20.04,1.67,0.083,0.895,balanced,0.3325,-0.1995,competitive,North,0.778,10,2
69,Selangor,Kuala Langat,10_3,329000.0,0.0136742326066621,0.3990881458966566,79890.0,95799.0,3.7,855,2024,11714,10583,6123,0.16,0.3,384.7953216374269,0.2332,25,43,5,12,1,12,86,74,26.14,3.65,0.14,1.167,balanced,0.4337,-0.2005,competitive,Central/East Coast,1.014,-1,1
70,Perak,Bagan Datuk,8_12,83500.0,0.0016851323355526,0.467065868263473,23534.0,20263.0,3.4,974,2024,5326,4134,3543,0.361,11.5,85.72895277207392,0.1171,4,10,1,1,0,1,16,15,19.16,1.2,0.062,0.855,balanced,0.3179,-0.2008,low_demand,North,0.743,6,1
71,Pahang,Temerloh,6_8,178700.0,0.0112244683408608,0.4006715165081141,42269.0,52014.0,4.0,2251,2024,5521,4595,3684,0.319,6.2,79.38693913816081,0.1225,17,16,2,0,0,0,35,35,19.59,0.0,0.0,0.875,balanced,0.325,-0.2025,low_demand,Central/East Coast,0.76,11,5
72,Negeri Sembilan,Jempol,5_7,130900.0,0.0057510787219712,0.3712757830404889,32294.0,36982.0,3.9,1485,2024,5777,4291,4113,0.364,7.1,88.14814814814815,0.111,8,15,2,0,0,0,25,25,19.1,0.0,0.0,0.853,balanced,0.3169,-0.2059,low_demand,Central/East Coast,0.741,9,4
73,Pahang,Kuantan,6_4,576700.0,0.0102616762927219,0.4061036934281254,145270.0,154355.0,3.8,2960,2024,7008,5520,4969,0.332,3.7,194.8310810810811,0.2407,87,54,10,13,0,13,164,151,28.44,2.25,0.079,1.27,saturated,0.4719,-0.2312,saturated,Central/East Coast,1.104,-15,11
74,Selangor,Kuala Selangor,10_4,301600.0,0.0137454034680186,0.4091511936339522,76447.0,88913.0,3.9,1187,2024,10584,8046,5974,0.35,1.8,254.08593091828132,0.2248,19,41,8,13,2,13,83,70,27.52,4.31,0.157,1.229,saturated,0.4566,-0.2318,saturated,Central/East Coast,1.068,-5,0
75,Johor,Segamat,1_8,204300.0,0.0064875702338254,0.447870778267254,52855.0,65038.0,3.6,2867,2024,7348,6451,4870,0.292,3.1,71.25915591210324,0.1767,21,24,3,2,2,2,52,50,25.45,0.98,0.038,1.136,balanced,0.4223,-0.2456,competitive,South,0.988,1,6
76,Perak,Larut Dan Matang,8_6,278300.0,0.0063722750025823,0.3776500179662234,70995.0,85931.0,3.7,1341,2024,6024,4843,4174,0.335,9.0,207.5316927665921,0.1467,22,41,2,0,2,0,67,67,24.07,0.0,0.0,1.075,balanced,0.3994,-0.2527,competitor_led,North,0.934,5,10
77,Johor,Mersing,1_5,81400.0,0.0080533804991886,0.441031941031941,20673.0,21815.0,3.6,2857,2024,6014,5335,4274,0.263,6.7,28.49142457122856,0.1332,7,9,0,0,3,0,19,19,23.34,0.0,0.0,1.042,balanced,0.3873,-0.2541,competitor_led,South,0.906,2,3
78,Melaka,Jasin,4_2,157300.0,0.0070109424800206,0.4469167196439923,39361.0,51148.0,3.7,679,2024,7755,6401,5654,0.298,1.1,231.6642120765832,0.195,11,27,2,3,0,3,43,40,27.34,1.91,0.07,1.221,saturated,0.4536,-0.2586,saturated,South,1.061,-2,3
79,Melaka,Melaka Tengah,4_3,633300.0,0.0118414898292253,0.4328122532764882,160155.0,196668.0,3.6,359,2024,9232,7415,6527,0.373,2.8,1764.066852367688,0.3466,90,89,19,28,12,28,238,210,37.58,4.42,0.118,1.678,saturated,0.6235,-0.2769,saturated,South,1.458,-75,7
80,Negeri Sembilan,Seremban,5_5,716800.0,0.0069797404301366,0.4227120535714286,185707.0,224691.0,3.7,954,2024,8395,6472,5686,0.368,2.8,751.3626834381552,0.3058,86,117,17,36,11,36,267,231,37.25,5.02,0.135,1.663,saturated,0.6181,-0.3123,saturated,Central/East Coast,1.445,-82,3
81,Perak,Manjung,8_2,256400.0,0.0074980483182345,0.4208268330733229,62890.0,89450.0,3.8,1126,2024,6612,5380,4387,0.346,3.9,227.708703374778,0.1661,21,42,5,5,1,5,74,69,28.86,1.95,0.068,1.289,saturated,0.4788,-0.3127,saturated,North,1.12,-8,6
82,Perak,Muallim,8_11,79600.0,0.0074500917583357,0.5515075376884422,21282.0,20528.0,3.4,949,2024,6229,4856,4517,0.35,7.7,83.8777660695469,0.1819,10,10,2,2,0,2,24,22,30.15,2.51,0.083,1.346,saturated,0.5002,-0.3183,saturated,North,1.17,-3,1
83,Perak,Hilir Perak,8_7,141800.0,-0.0002818489737598,0.4167842031029619,34663.0,43865.0,3.8,821,2024,5599,4347,3711,0.36,12.3,172.71619975639464,0.1142,11,20,1,3,2,3,37,34,26.09,2.12,0.081,1.165,balanced,0.4329,-0.3187,low_demand,North,1.012,0,2
84,Negeri Sembilan,Tampin,5_6,90700.0,0.0058339162283542,0.4002205071664829,22233.0,27086.0,3.9,851,2024,5715,4367,4238,0.349,7.0,106.58049353701529,0.1184,8,15,0,1,0,1,24,23,26.46,1.1,0.042,1.181,balanced,0.439,-0.3206,low_demand,Central/East Coast,1.027,-1,2
85,Pulau Pinang,Seberang Perai Selatan,7_3,189500.0,0.0059080373989786,0.4179419525065963,54648.0,95756.0,3.2,242,2024,8234,6822,5391,0.352,3.0,783.0578512396694,0.1955,18,33,5,1,3,1,60,59,31.66,0.53,0.017,1.414,saturated,0.5253,-0.3298,saturated,North,1.229,-11,8
86,Negeri Sembilan,Rembau,5_4,49500.0,0.0091339369336331,0.4484848484848485,12722.0,16117.0,3.7,406,2024,5723,4894,4226,0.339,2.6,121.92118226600984,0.1317,5,8,1,1,0,1,15,14,30.3,2.02,0.067,1.353,saturated,0.5027,-0.371,saturated,Central/East Coast,1.176,-2,1
87,Perak,Batang Padang,8_1,127000.0,0.0047925518862252,0.4102362204724409,33666.0,39982.0,3.6,1794,2024,5433,4339,3722,0.354,11.5,70.79152731326644,0.112,10,21,3,2,1,2,37,35,29.13,1.57,0.054,1.301,saturated,0.4833,-0.3713,low_demand,North,1.13,-4,3
88,Perak,Kampar,8_10,98800.0,0.0002025521737991,0.4281376518218623,28809.0,40746.0,3.3,667,2024,5608,4538,3753,0.37,4.5,148.12593703148426,0.1122,9,16,1,2,4,2,32,30,32.39,2.02,0.062,1.446,saturated,0.5374,-0.4252,low_demand,North,1.257,-7,3
89,Pahang,Bentong,6_1,120000.0,0.005420371823521,0.4316666666666666,30223.0,39466.0,3.8,1831,2024,6278,5015,4631,0.286,2.0,65.53795740032768,0.1462,13,12,5,13,4,13,47,34,39.17,10.83,0.277,1.749,saturated,0.6499,-0.5037,saturated,Central/East Coast,1.52,-16,0
90,Negeri Sembilan,Port Dickson,5_3,135600.0,0.0104997921596783,0.4299410029498525,32697.0,50398.0,3.8,583,2024,6280,5342,4709,0.324,4.4,232.590051457976,0.1592,16,24,3,11,1,11,55,44,40.56,8.11,0.2,1.811,saturated,0.673,-0.5138,saturated,Central/East Coast,1.574,-20,0
91,Selangor,Sepang,10_7,350400.0,0.0150389602884417,0.408675799086758,99778.0,127628.0,3.1,552,2024,15906,11131,7676,0.332,0.1,634.7826086956521,0.297,46,51,15,37,25,37,174,137,49.66,10.56,0.213,2.217,saturated,0.824,-0.527,saturated,Central/East Coast,1.927,-84,0
92,Pahang,Cameron Highlands,6_2,44800.0,0.0281173340064262,0.4977678571428572,9798.0,15980.0,4.0,712,2024,6895,5655,4672,0.294,5.0,62.92134831460674,0.1782,11,9,2,2,3,2,27,25,60.27,4.46,0.074,2.691,saturated,1.0,-0.8218,saturated,Central/East Coast,2.339,-15,2
